distribution,size,algorithm,trial_1_ms,trial_2_ms,trial_3_ms,trial_4_ms,trial_5_ms,mean_ms,stddev_ms
Random,100,Heapsort,0.0808,0.078,0.079,0.0783,0.0722,0.07765999999999999,0.003240061727807048
Random,100,Randomized Quicksort,0.0704,0.0665,0.066,0.0646,0.0608,0.06566,0.0034652561232901688
Random,100,Merge Sort,0.0766,0.0737,0.0725,0.0738,0.0654,0.0724,0.004192254763250918
Random,500,Heapsort,0.4811,0.4814,0.4847,0.4857,0.4706,0.4807,0.00599291248058905
Random,500,Randomized Quicksort,0.3643,0.3757,0.3629,0.3662,0.3683,0.36748000000000003,0.005024141717746414
Random,500,Merge Sort,0.5508,0.4098,0.4076,0.3967,0.3976,0.4325,0.06638870385841251
Random,1000,Heapsort,1.051,1.0657,1.0925,1.0753,1.0662,1.07014,0.015232957690481531
Random,1000,Randomized Quicksort,0.7756,1.551,0.8094,0.7755,0.7856,0.9394199999999999,0.34216320959448576
Random,1000,Merge Sort,0.8858,0.9462,0.8956,0.8749,0.8806,0.89662,0.02874320789334413
Random,2000,Heapsort,4.142,2.4324,3.5087,2.3906,2.8842,3.07158,0.7490442189884388
Random,2000,Randomized Quicksort,1.7469,1.6615,2.161,1.6691,1.686,1.7849,0.2129046852467085
Random,2000,Merge Sort,1.9342,1.9331,1.9733,2.2822,1.9136,2.00728,0.15520546704288482
Random,5000,Heapsort,8.9777,7.0191,6.9945,6.9738,8.0516,7.60334,0.8941679892503424
Random,5000,Randomized Quicksort,4.5245,4.627,4.8137,4.501,4.9621,4.68566,0.19769052329335376
Random,5000,Merge Sort,5.6767,5.5084,5.3336,5.5883,5.64,5.5494,0.13617773312843787
Sorted,100,Heapsort,0.0818,0.0778,0.0789,0.0774,0.0764,0.07846,0.0020707486568871665
Sorted,100,Randomized Quicksort,0.0635,0.0591,0.0571,0.0595,0.0608,0.06,0.0023643180835073788
Sorted,100,Merge Sort,0.0633,0.0582,0.0582,0.0579,0.0575,0.05902,0.002409771773425854
Sorted,500,Heapsort,0.519,0.5734,0.4979,0.4963,0.5001,0.51734,0.03264694472688065
Sorted,500,Randomized Quicksort,0.3331,0.3938,0.3096,0.3174,0.3074,0.33226,0.03584756616564086
Sorted,500,Merge Sort,0.3472,0.3395,0.3409,0.3342,0.3351,0.33938,0.0052112378567860445
Sorted,1000,Heapsort,1.136,1.6723,1.1256,1.1296,1.151,1.2429,0.24023621708643347
Sorted,1000,Randomized Quicksort,0.6908,0.9114,0.7219,0.6821,0.7408,0.7494,0.09359147931302293
Sorted,1000,Merge Sort,0.7432,0.874,0.8004,0.7557,0.802,0.79506,0.051348982463141374
Sorted,2000,Heapsort,3.3759,2.5423,2.5042,2.5179,2.4729,2.68264,0.3883541270541618
Sorted,2000,Randomized Quicksort,1.9135,1.4563,1.4422,1.4289,1.5286,1.5539,0.20468262017083913
Sorted,2000,Merge Sort,1.6426,1.6339,2.1826,1.6036,1.6053,1.7336,0.2515864563127355
Sorted,5000,Heapsort,7.2422,7.248,7.4745,7.974,7.6818,7.5241,0.3104183789661945
Sorted,5000,Randomized Quicksort,3.9099,4.857,4.0995,3.956,3.8167,4.12782,0.4202119667501154
Sorted,5000,Merge Sort,5.6063,4.6249,4.5177,4.5297,4.4736,4.75044,0.48160955970578495
Reverse Sorted,100,Heapsort,0.0697,0.0636,0.0625,0.0613,0.0624,0.0639,0.003342902930089355
Reverse Sorted,100,Randomized Quicksort,0.0644,0.0591,0.0558,0.056,0.0573,0.05852,0.0035407626297169364
Reverse Sorted,100,Merge Sort,0.0626,0.0566,0.0563,0.0559,0.0556,0.0574,0.0029317230428538114
Reverse Sorted,500,Heapsort,0.4336,0.6306,0.4849,0.4684,0.4396,0.49142,0.08057910399104723
Reverse Sorted,500,Randomized Quicksort,0.72,0.4938,0.3777,0.5567,0.3335,0.49634,0.15351375508403145
Reverse Sorted,500,Merge Sort,0.6393,0.4016,0.3766,0.3732,0.3642,0.43098,0.11727711626741168
Reverse Sorted,1000,Heapsort,0.9902,0.9875,0.968,1.0291,0.994,0.99376,0.022160843846749125
Reverse Sorted,1000,Randomized Quicksort,0.7197,0.703,0.7303,0.6981,0.6855,0.70732,0.01775618202204515
Reverse Sorted,1000,Merge Sort,0.788,0.7602,1.4641,0.7644,0.7468,0.9047,0.3130670854625251
Reverse Sorted,2000,Heapsort,2.3634,2.8715,2.2272,2.2309,2.2202,2.38264,0.27969968358938135
Reverse Sorted,2000,Randomized Quicksort,1.4763,1.5554,1.5819,1.6797,1.463,1.55126,0.08783736676380957
Reverse Sorted,2000,Merge Sort,1.6259,1.6223,1.6653,2.2882,2.3129,1.90292,0.3634815015925844
Reverse Sorted,5000,Heapsort,7.5873,7.8273,6.5416,6.4724,6.5449,6.9947,0.6566609589430454
Reverse Sorted,5000,Randomized Quicksort,4.6122,4.3892,3.9244,4.1497,5.0989,4.43488,0.4517657213645145
Reverse Sorted,5000,Merge Sort,5.1356,5.4215,4.9929,5.1159,4.6495,5.06308,0.27950297315055533
Repeated,100,Heapsort,0.0735,0.0703,0.072,0.0676,0.0688,0.07044,0.0023754999473794983
Repeated,100,Randomized Quicksort,0.0676,0.0601,0.0591,0.0619,0.0603,0.0618,0.0033941125496954254
Repeated,100,Merge Sort,0.0715,0.0671,0.0646,0.0634,0.0682,0.06696,0.0031785216689524053
Repeated,500,Heapsort,0.461,0.4871,0.4858,0.4675,0.4957,0.47942,0.01454396782174656
Repeated,500,Randomized Quicksort,0.3523,0.3591,0.3716,0.3481,0.6015,0.40652,0.10935946232494015
Repeated,500,Merge Sort,0.4187,0.4156,0.4178,0.4129,0.501,0.43320000000000003,0.0379674202442041
Repeated,1000,Heapsort,1.0657,1.0353,1.0579,1.0806,1.6968,1.18726,0.285311256349973
Repeated,1000,Randomized Quicksort,0.808,0.7582,0.799,0.7461,0.8951,0.80128,0.058637163983262366
Repeated,1000,Merge Sort,0.8846,0.9041,0.8874,0.907,0.9202,0.90066,0.01472745735013346
Repeated,2000,Heapsort,2.4634,2.4057,2.3781,2.3221,2.3268,2.37922,0.058735142802244095
Repeated,2000,Randomized Quicksort,1.6143,2.184,1.5744,1.7731,1.6383,1.75682,0.25019182040986077
Repeated,2000,Merge Sort,1.909,2.0288,1.9455,2.0919,1.9736,1.98976,0.07193568655403235
Repeated,5000,Heapsort,8.3262,6.7294,7.038,7.849,6.7935,7.34722,0.7060646939197569
Repeated,5000,Randomized Quicksort,4.1988,4.4689,5.0554,4.7118,4.3067,4.54832,0.3430407512235243
Repeated,5000,Merge Sort,5.4704,5.9995,5.3196,5.3595,5.5882,5.54744,0.27349007843064443
